agent_code,human_name,role,avg_quality_score,session_id,rank_within_agent_worst5,quality_score,helpfulness,accuracy,professionalism,completeness,clarity,user_message,agent_response
Author-01,Isabella,Content Writer & Storyteller,80.72800000000001,62db78ca-441f-472b-8518-9abe140f5a3f,1,72.0,60.0,80.0,90.0,40.0,80.0,I can't invite a teammate. I'm seeing 'permission denied'.,"It seems like you're experiencing an issue with inviting a teammate, likely due to a permissions problem. To better assist you, can you tell me what platform or tool you're using when you're trying to invite this teammate (e.g., a project management tool, a communication app, etc.)?"
Author-01,Isabella,Content Writer & Storyteller,80.72800000000001,62db78ca-441f-472b-8518-9abe140f5a3f,2,73.0,60.0,90.0,80.0,40.0,80.0,This is the tenth time this happened. I'm frustrated. Fix it.,"I understand that you're frustrated, but I don't have enough information to determine what the issue is or how to fix it. Can you please tell me what specifically is happening for the tenth time that's causing your frustration?"
Author-01,Isabella,Content Writer & Storyteller,80.72800000000001,62db78ca-441f-472b-8518-9abe140f5a3f,3,73.0,60.0,90.0,80.0,40.0,80.0,This is the tenth time this happened. I'm frustrated. Fix it.,"I understand that you're frustrated, but I don't have enough information to determine what the issue is or how to fix it. Can you please tell me what specifically is happening for the tenth time that's causing your frustration?"
Author-01,Isabella,Content Writer & Storyteller,80.72800000000001,62db78ca-441f-472b-8518-9abe140f5a3f,4,73.0,60.0,90.0,80.0,40.0,80.0,This is the tenth time this happened. I'm frustrated. Fix it.,"I understand that you're frustrated, but I don't have enough information to determine what the issue is or how to fix it. Can you please tell me what specifically is happening for the tenth time that's causing your frustration?"
Author-01,Isabella,Content Writer & Storyteller,80.72800000000001,62db78ca-441f-472b-8518-9abe140f5a3f,5,75.0,70.0,80.0,80.0,60.0,80.0,I can't save changes. I'm seeing 'timeout'.,"That's frustrating. To help you resolve the issue, can you please tell me what type of application or system you're trying to save changes in when you're getting the 'timeout' error?"
DATA-02,Paul,Data Engineering & Pipeline Specialist,86.26,dab39329-2bf7-419d-add3-0f4cb8aedf0f,1,76.0,70.0,80.0,85.0,60.0,80.0,Help me organize my weekly priorities. Provide a checklist and next actions.,"To help you organize your weekly priorities, I'll need to know what tasks you need to accomplish. Please provide me with a list of tasks, projects, or goals you want to achieve this week.  If you don't have a list yet, let's start with some general categories:  1. **Data Engineering & Pipelines** 2. **Data Infrastructure** 3. **Data Quality** 4. **Other (please specify)**  Once you provide the tasks or categories, I can help you:  * Prioritize them * Break down large tasks into smaller, manageable chunks * Create a checklist with next actions * Identify potential roadblocks and suggest mitigation strategies  Please provide the necessary information, and I'll assist you in organizing your weekly priorities.  **Initial Checklist:**  (We'll fill this out together)  1. _____________________________________ 2. _____________________________________ 3. _____________________________________ 4. _____________________________________ 5. _____________________________________  **Next Actions:**  (We'll determine these based on your priorities)  1. _____________________________________ 2. _____________________________________ 3. _____________________________________ 4. _____________________________________ 5. _____________________________________  Let's get started!"
DATA-02,Paul,Data Engineering & Pipeline Specialist,86.26,dab39329-2bf7-419d-add3-0f4cb8aedf0f,2,76.0,70.0,80.0,85.0,60.0,80.0,Help me organize my weekly priorities. Provide a checklist and next actions.,"To help you organize your weekly priorities, I'll need to know what tasks you need to accomplish. Please provide me with a list of tasks, projects, or goals you want to achieve this week.  If you don't have a list yet, let's start with some general categories:  1. **Data Engineering & Pipelines** 2. **Data Infrastructure** 3. **Data Quality** 4. **Other (please specify)**  Once you provide the tasks or categories, I can help you:  * Prioritize them * Break down large tasks into smaller, manageable chunks * Create a checklist with next actions * Identify potential roadblocks and suggest mitigation strategies  Please provide the necessary information, and I'll assist you in organizing your weekly priorities.  **Initial Checklist:**  (We'll fill this out together)  1. _____________________________________ 2. _____________________________________ 3. _____________________________________ 4. _____________________________________ 5. _____________________________________  **Next Actions:**  (We'll determine these based on your priorities)  1. _____________________________________ 2. _____________________________________ 3. _____________________________________ 4. _____________________________________ 5. _____________________________________  Let's get started!"
DATA-02,Paul,Data Engineering & Pipeline Specialist,86.26,dab39329-2bf7-419d-add3-0f4cb8aedf0f,3,76.0,70.0,80.0,85.0,60.0,80.0,Help me organize my weekly priorities. Provide a checklist and next actions.,"To help you organize your weekly priorities, I'll need to know what tasks you need to accomplish. Please provide me with a list of tasks, projects, or goals you want to achieve this week.  If you don't have a list yet, let's start with some general categories:  1. **Data Engineering & Pipelines** 2. **Data Infrastructure** 3. **Data Quality** 4. **Other (please specify)**  Once you provide the tasks or categories, I can help you:  * Prioritize them * Break down large tasks into smaller, manageable chunks * Create a checklist with next actions * Identify potential roadblocks and suggest mitigation strategies  Please provide the necessary information, and I'll assist you in organizing your weekly priorities.  **Initial Checklist:**  (We'll fill this out together)  1. _____________________________________ 2. _____________________________________ 3. _____________________________________ 4. _____________________________________ 5. _____________________________________  **Next Actions:**  (We'll determine these based on your priorities)  1. _____________________________________ 2. _____________________________________ 3. _____________________________________ 4. _____________________________________ 5. _____________________________________  Let's get started!"
DATA-02,Paul,Data Engineering & Pipeline Specialist,86.26,dab39329-2bf7-419d-add3-0f4cb8aedf0f,4,76.0,70.0,80.0,85.0,60.0,80.0,Help me organize my weekly priorities. Provide a checklist and next actions.,"To help you organize your weekly priorities, I'll need to know what tasks you need to accomplish. Please provide me with a list of tasks, projects, or goals you want to achieve this week.  If you don't have a list yet, let's start with some general categories:  1. **Data Engineering & Pipelines** 2. **Data Infrastructure** 3. **Data Quality** 4. **Other (please specify)**  Once you provide the tasks or categories, I can help you:  * Prioritize them * Break down large tasks into smaller, manageable chunks * Create a checklist with next actions * Identify potential roadblocks and suggest mitigation strategies  Please provide the necessary information, and I'll assist you in organizing your weekly priorities.  **Initial Checklist:**  (We'll fill this out together)  1. _____________________________________ 2. _____________________________________ 3. _____________________________________ 4. _____________________________________ 5. _____________________________________  **Next Actions:**  (We'll determine these based on your priorities)  1. _____________________________________ 2. _____________________________________ 3. _____________________________________ 4. _____________________________________ 5. _____________________________________  Let's get started!"
DATA-02,Paul,Data Engineering & Pipeline Specialist,86.26,dab39329-2bf7-419d-add3-0f4cb8aedf0f,5,76.0,70.0,80.0,85.0,60.0,80.0,Help me organize my weekly priorities. Provide a checklist and next actions.,"To help you organize your weekly priorities, I'll need to know what tasks you need to accomplish. Please provide me with a list of tasks, projects, or goals you want to achieve this week.  If you don't have a list yet, let's start with some general categories:  1. **Data Engineering & Pipelines** 2. **Data Infrastructure** 3. **Data Quality** 4. **Other (please specify)**  Once you provide the tasks or categories, I can help you:  * Prioritize them * Break down large tasks into smaller, manageable chunks * Create a checklist with next actions * Identify potential roadblocks and suggest mitigation strategies  Please provide the necessary information, and I'll assist you in organizing your weekly priorities.  **Initial Checklist:**  (We'll fill this out together)  1. _____________________________________ 2. _____________________________________ 3. _____________________________________ 4. _____________________________________ 5. _____________________________________  **Next Actions:**  (We'll determine these based on your priorities)  1. _____________________________________ 2. _____________________________________ 3. _____________________________________ 4. _____________________________________ 5. _____________________________________  Let's get started!"
ONBOARD-01,Rachel,Customer Onboarding Specialist,87.48,dc653eef-2040-4498-9916-78cb47598273,1,77.5,70.0,80.0,85.0,75.0,80.0,Help me organize a travel plan. Provide a checklist and next actions.,"I'd be happy to help you organize a travel plan. However, I must clarify that my primary role is as a Customer Onboarding Specialist, and my expertise lies in guiding users through setup, training, and onboarding processes.   Travel planning falls outside my core capabilities, but I can offer general guidance and support. For personalized travel recommendations, I suggest consulting a travel agent or a dedicated travel planning service.  That being said, here's a general travel planning checklist to get you started:  **Travel Planning Checklist:**  1. **Destination**: Decide on the destination(s) you want to visit. 2. **Travel Dates**: Set your travel dates, including departure and return dates. 3. **Budget**: Determine your travel budget, including transportation, accommodation, food, and activities. 4. **Transportation**: Research and book your flights, trains, or other transportation methods. 5. **Accommodation**: Choose and book your hotel, hostel, or other accommodation options. 6. **Itinerary**: Plan your daily activities, including sightseeing, tours, and other experiences. 7. **Travel Documents**: Ensure you have a valid passport, visa (if required), and travel insurance. 8. **Health and Safety**: Research any necessary vaccinations, medications, or precautions for your destination. 9. **Packing**: Create a list of essential items to pack, including clothing, adapters, and chargers.  **Next Actions:**  1. Research your desired destination(s) and create a list of potential activities and experiences. 2. Set a budget and start looking into transportation and accommodation options. 3. Create a rough itinerary to help guide your planning process. 4. Check the official government website for travel advisories and requirements for your destination.  If you have any specific questions or need further guidance on travel planning, I can try to provide general information or point you in the direction of a dedicated travel resource."
ONBOARD-01,Rachel,Customer Onboarding Specialist,87.48,dc653eef-2040-4498-9916-78cb47598273,2,77.5,70.0,80.0,85.0,75.0,80.0,Help me organize a travel plan. Provide a checklist and next actions.,"I'd be happy to help you organize a travel plan. However, I must clarify that my primary role is as a Customer Onboarding Specialist, and my expertise lies in guiding users through setup, training, and onboarding processes.   Travel planning falls outside my core capabilities, but I can offer general guidance and support. For personalized travel recommendations, I suggest consulting a travel agent or a dedicated travel planning service.  That being said, here's a general travel planning checklist to get you started:  **Travel Planning Checklist:**  1. **Destination**: Decide on the destination(s) you want to visit. 2. **Travel Dates**: Set your travel dates, including departure and return dates. 3. **Budget**: Determine your travel budget, including transportation, accommodation, food, and activities. 4. **Transportation**: Research and book your flights, trains, or other transportation methods. 5. **Accommodation**: Choose and book your hotel, hostel, or other accommodation options. 6. **Itinerary**: Plan your daily activities, including sightseeing, tours, and other experiences. 7. **Travel Documents**: Ensure you have a valid passport, visa (if required), and travel insurance. 8. **Health and Safety**: Research any necessary vaccinations, medications, or precautions for your destination. 9. **Packing**: Create a list of essential items to pack, including clothing, adapters, and chargers.  **Next Actions:**  1. Research your desired destination(s) and create a list of potential activities and experiences. 2. Set a budget and start looking into transportation and accommodation options. 3. Create a rough itinerary to help guide your planning process. 4. Check the official government website for travel advisories and requirements for your destination.  If you have any specific questions or need further guidance on travel planning, I can try to provide general information or point you in the direction of a dedicated travel resource."
ONBOARD-01,Rachel,Customer Onboarding Specialist,87.48,dc653eef-2040-4498-9916-78cb47598273,3,77.5,70.0,80.0,85.0,75.0,80.0,Help me organize a travel plan. Provide a checklist and next actions.,"I'd be happy to help you organize a travel plan. However, I must clarify that my primary role is as a Customer Onboarding Specialist, and my expertise lies in guiding users through setup, training, and onboarding processes.   Travel planning falls outside my core capabilities, but I can offer general guidance and support. For personalized travel recommendations, I suggest consulting a travel agent or a dedicated travel planning service.  That being said, here's a general travel planning checklist to get you started:  **Travel Planning Checklist:**  1. **Destination**: Decide on the destination(s) you want to visit. 2. **Travel Dates**: Set your travel dates, including departure and return dates. 3. **Budget**: Determine your travel budget, including transportation, accommodation, food, and activities. 4. **Transportation**: Research and book your flights, trains, or other transportation methods. 5. **Accommodation**: Choose and book your hotel, hostel, or other accommodation options. 6. **Itinerary**: Plan your daily activities, including sightseeing, tours, and other experiences. 7. **Travel Documents**: Ensure you have a valid passport, visa (if required), and travel insurance. 8. **Health and Safety**: Research any necessary vaccinations, medications, or precautions for your destination. 9. **Packing**: Create a list of essential items to pack, including clothing, adapters, and chargers.  **Next Actions:**  1. Research your desired destination(s) and create a list of potential activities and experiences. 2. Set a budget and start looking into transportation and accommodation options. 3. Create a rough itinerary to help guide your planning process. 4. Check the official government website for travel advisories and requirements for your destination.  If you have any specific questions or need further guidance on travel planning, I can try to provide general information or point you in the direction of a dedicated travel resource."
ONBOARD-01,Rachel,Customer Onboarding Specialist,87.48,dc653eef-2040-4498-9916-78cb47598273,4,77.5,70.0,80.0,85.0,75.0,80.0,Help me organize a travel plan. Provide a checklist and next actions.,"I'd be happy to help you organize a travel plan. However, I must clarify that my primary role is as a Customer Onboarding Specialist, and my expertise lies in guiding users through setup, training, and onboarding processes.   Travel planning falls outside my core capabilities, but I can offer general guidance and support. For personalized travel recommendations, I suggest consulting a travel agent or a dedicated travel planning service.  That being said, here's a general travel planning checklist to get you started:  **Travel Planning Checklist:**  1. **Destination**: Decide on the destination(s) you want to visit. 2. **Travel Dates**: Set your travel dates, including departure and return dates. 3. **Budget**: Determine your travel budget, including transportation, accommodation, food, and activities. 4. **Transportation**: Research and book your flights, trains, or other transportation methods. 5. **Accommodation**: Choose and book your hotel, hostel, or other accommodation options. 6. **Itinerary**: Plan your daily activities, including sightseeing, tours, and other experiences. 7. **Travel Documents**: Ensure you have a valid passport, visa (if required), and travel insurance. 8. **Health and Safety**: Research any necessary vaccinations, medications, or precautions for your destination. 9. **Packing**: Create a list of essential items to pack, including clothing, adapters, and chargers.  **Next Actions:**  1. Research your desired destination(s) and create a list of potential activities and experiences. 2. Set a budget and start looking into transportation and accommodation options. 3. Create a rough itinerary to help guide your planning process. 4. Check the official government website for travel advisories and requirements for your destination.  If you have any specific questions or need further guidance on travel planning, I can try to provide general information or point you in the direction of a dedicated travel resource."
ONBOARD-01,Rachel,Customer Onboarding Specialist,87.48,dc653eef-2040-4498-9916-78cb47598273,5,77.5,70.0,80.0,85.0,75.0,80.0,Help me organize a travel plan. Provide a checklist and next actions.,"I'd be happy to help you organize a travel plan. However, I must clarify that my primary role is as a Customer Onboarding Specialist, and my expertise lies in guiding users through setup, training, and onboarding processes.   Travel planning falls outside my core capabilities, but I can offer general guidance and support. For personalized travel recommendations, I suggest consulting a travel agent or a dedicated travel planning service.  That being said, here's a general travel planning checklist to get you started:  **Travel Planning Checklist:**  1. **Destination**: Decide on the destination(s) you want to visit. 2. **Travel Dates**: Set your travel dates, including departure and return dates. 3. **Budget**: Determine your travel budget, including transportation, accommodation, food, and activities. 4. **Transportation**: Research and book your flights, trains, or other transportation methods. 5. **Accommodation**: Choose and book your hotel, hostel, or other accommodation options. 6. **Itinerary**: Plan your daily activities, including sightseeing, tours, and other experiences. 7. **Travel Documents**: Ensure you have a valid passport, visa (if required), and travel insurance. 8. **Health and Safety**: Research any necessary vaccinations, medications, or precautions for your destination. 9. **Packing**: Create a list of essential items to pack, including clothing, adapters, and chargers.  **Next Actions:**  1. Research your desired destination(s) and create a list of potential activities and experiences. 2. Set a budget and start looking into transportation and accommodation options. 3. Create a rough itinerary to help guide your planning process. 4. Check the official government website for travel advisories and requirements for your destination.  If you have any specific questions or need further guidance on travel planning, I can try to provide general information or point you in the direction of a dedicated travel resource."
DEVOPS-01,Charles,DevOps & Infrastructure Specialist,87.9,97c6c5ce-679f-4d9d-aa95-bb0d507e3ece,1,77.5,70.0,80.0,85.0,75.0,80.0,Help me organize a travel plan. Provide a checklist and next actions.,"As a DevOps & Infrastructure Specialist, my expertise lies in managing deployment pipelines, infrastructure, and system reliability. While I can provide general guidance, I must clarify that travel planning is outside my core scope.  However, I can offer a basic checklist to get you started. For personalized travel planning, I recommend consulting a travel agency or a dedicated travel expert.  **Travel Plan Checklist:**  1. **Destination**: Decide on the destination(s) and travel dates 2. **Travel Documents**: Ensure you have a valid passport, visa (if required), and travel insurance 3. **Flights**: Book flights and arrange for transportation to/from the airport 4. **Accommodation**: Choose and book your hotel, hostel, or other accommodation 5. **Itinerary**: Plan your daily activities, including sightseeing, dining, and entertainment 6. **Budget**: Establish a budget and plan for expenses, including food, transportation, and activities 7. **Health and Safety**: Research any necessary vaccinations, medications, or safety precautions 8. **Packing**: Create a list of essential items to pack, including clothing, adapters, and travel accessories  **Next Actions:**  1. Research your destination and create a rough itinerary 2. Book your flights and accommodation 3. Check the entry requirements for your destination and obtain any necessary visas or travel documents 4. Purchase travel insurance to cover unexpected medical or travel-related expenses 5. Start planning your daily activities and creating a budget  If you need more specific guidance or personalized recommendations, I suggest reaching out to a travel expert or agency. They can provide you with tailored advice and help you create a comprehensive travel plan."
DEVOPS-01,Charles,DevOps & Infrastructure Specialist,87.9,97c6c5ce-679f-4d9d-aa95-bb0d507e3ece,2,77.5,70.0,80.0,85.0,75.0,80.0,Help me organize a travel plan. Provide a checklist and next actions.,"As a DevOps & Infrastructure Specialist, my expertise lies in managing deployment pipelines, infrastructure, and system reliability. While I can provide general guidance, I must clarify that travel planning is outside my core scope.  However, I can offer a basic checklist to get you started. For personalized travel planning, I recommend consulting a travel agency or a dedicated travel expert.  **Travel Plan Checklist:**  1. **Destination**: Decide on the destination(s) and travel dates 2. **Travel Documents**: Ensure you have a valid passport, visa (if required), and travel insurance 3. **Flights**: Book flights and arrange for transportation to/from the airport 4. **Accommodation**: Choose and book your hotel, hostel, or other accommodation 5. **Itinerary**: Plan your daily activities, including sightseeing, dining, and entertainment 6. **Budget**: Establish a budget and plan for expenses, including food, transportation, and activities 7. **Health and Safety**: Research any necessary vaccinations, medications, or safety precautions 8. **Packing**: Create a list of essential items to pack, including clothing, adapters, and travel accessories  **Next Actions:**  1. Research your destination and create a rough itinerary 2. Book your flights and accommodation 3. Check the entry requirements for your destination and obtain any necessary visas or travel documents 4. Purchase travel insurance to cover unexpected medical or travel-related expenses 5. Start planning your daily activities and creating a budget  If you need more specific guidance or personalized recommendations, I suggest reaching out to a travel expert or agency. They can provide you with tailored advice and help you create a comprehensive travel plan."
DEVOPS-01,Charles,DevOps & Infrastructure Specialist,87.9,97c6c5ce-679f-4d9d-aa95-bb0d507e3ece,3,77.5,70.0,80.0,85.0,75.0,80.0,Help me organize a travel plan. Provide a checklist and next actions.,"As a DevOps & Infrastructure Specialist, my expertise lies in managing deployment pipelines, infrastructure, and system reliability. While I can provide general guidance, I must clarify that travel planning is outside my core scope.  However, I can offer a basic checklist to get you started. For personalized travel planning, I recommend consulting a travel agency or a dedicated travel expert.  **Travel Plan Checklist:**  1. **Destination**: Decide on the destination(s) and travel dates 2. **Travel Documents**: Ensure you have a valid passport, visa (if required), and travel insurance 3. **Flights**: Book flights and arrange for transportation to/from the airport 4. **Accommodation**: Choose and book your hotel, hostel, or other accommodation 5. **Itinerary**: Plan your daily activities, including sightseeing, dining, and entertainment 6. **Budget**: Establish a budget and plan for expenses, including food, transportation, and activities 7. **Health and Safety**: Research any necessary vaccinations, medications, or safety precautions 8. **Packing**: Create a list of essential items to pack, including clothing, adapters, and travel accessories  **Next Actions:**  1. Research your destination and create a rough itinerary 2. Book your flights and accommodation 3. Check the entry requirements for your destination and obtain any necessary visas or travel documents 4. Purchase travel insurance to cover unexpected medical or travel-related expenses 5. Start planning your daily activities and creating a budget  If you need more specific guidance or personalized recommendations, I suggest reaching out to a travel expert or agency. They can provide you with tailored advice and help you create a comprehensive travel plan."
DEVOPS-01,Charles,DevOps & Infrastructure Specialist,87.9,97c6c5ce-679f-4d9d-aa95-bb0d507e3ece,4,77.5,70.0,80.0,85.0,75.0,80.0,Help me organize a travel plan. Provide a checklist and next actions.,"As a DevOps & Infrastructure Specialist, my expertise lies in managing deployment pipelines, infrastructure, and system reliability. While I can provide general guidance, I must clarify that travel planning is outside my core scope.  However, I can offer a basic checklist to get you started. For personalized travel planning, I recommend consulting a travel agency or a dedicated travel expert.  **Travel Plan Checklist:**  1. **Destination**: Decide on the destination(s) and travel dates 2. **Travel Documents**: Ensure you have a valid passport, visa (if required), and travel insurance 3. **Flights**: Book flights and arrange for transportation to/from the airport 4. **Accommodation**: Choose and book your hotel, hostel, or other accommodation 5. **Itinerary**: Plan your daily activities, including sightseeing, dining, and entertainment 6. **Budget**: Establish a budget and plan for expenses, including food, transportation, and activities 7. **Health and Safety**: Research any necessary vaccinations, medications, or safety precautions 8. **Packing**: Create a list of essential items to pack, including clothing, adapters, and travel accessories  **Next Actions:**  1. Research your destination and create a rough itinerary 2. Book your flights and accommodation 3. Check the entry requirements for your destination and obtain any necessary visas or travel documents 4. Purchase travel insurance to cover unexpected medical or travel-related expenses 5. Start planning your daily activities and creating a budget  If you need more specific guidance or personalized recommendations, I suggest reaching out to a travel expert or agency. They can provide you with tailored advice and help you create a comprehensive travel plan."
DEVOPS-01,Charles,DevOps & Infrastructure Specialist,87.9,97c6c5ce-679f-4d9d-aa95-bb0d507e3ece,5,77.5,70.0,80.0,85.0,75.0,80.0,Help me organize a travel plan. Provide a checklist and next actions.,"As a DevOps & Infrastructure Specialist, my expertise lies in managing deployment pipelines, infrastructure, and system reliability. While I can provide general guidance, I must clarify that travel planning is outside my core scope.  However, I can offer a basic checklist to get you started. For personalized travel planning, I recommend consulting a travel agency or a dedicated travel expert.  **Travel Plan Checklist:**  1. **Destination**: Decide on the destination(s) and travel dates 2. **Travel Documents**: Ensure you have a valid passport, visa (if required), and travel insurance 3. **Flights**: Book flights and arrange for transportation to/from the airport 4. **Accommodation**: Choose and book your hotel, hostel, or other accommodation 5. **Itinerary**: Plan your daily activities, including sightseeing, dining, and entertainment 6. **Budget**: Establish a budget and plan for expenses, including food, transportation, and activities 7. **Health and Safety**: Research any necessary vaccinations, medications, or safety precautions 8. **Packing**: Create a list of essential items to pack, including clothing, adapters, and travel accessories  **Next Actions:**  1. Research your destination and create a rough itinerary 2. Book your flights and accommodation 3. Check the entry requirements for your destination and obtain any necessary visas or travel documents 4. Purchase travel insurance to cover unexpected medical or travel-related expenses 5. Start planning your daily activities and creating a budget  If you need more specific guidance or personalized recommendations, I suggest reaching out to a travel expert or agency. They can provide you with tailored advice and help you create a comprehensive travel plan."
QUALIFIER-01,Sarah,Inbound Lead Qualification Specialist,88.38000000000002,4dab1283-1aab-4a63-8525-3c085d2d7288,1,85.0,85.0,90.0,80.0,80.0,85.0,Help me organize my weekly priorities. Provide a checklist and next actions.,"To help you organize your weekly priorities, I'll need to understand your current tasks and goals. Please provide me with some information about your ongoing projects and deadlines.  In the meantime, I can offer a general framework to get you started. Here's a checklist to consider:  **Weekly Priorities Checklist:**  1. **Review ongoing projects:** 	* List all current projects and tasks 	* Identify deadlines and milestones 2. **Assess new leads and opportunities:** 	* Evaluate new inbound leads using the BANT framework (Budget, Authority, Need, Timeline) 	* Score leads based on fit and intent signals 3. **Prioritize tasks:** 	* Identify high-priority tasks that require immediate attention 	* Label tasks as ""must-do,"" ""should-do,"" or ""nice-to-do"" 4. **Schedule sales engagements:** 	* Book meetings with qualified leads 	* Prepare for sales discussions and presentations 5. **Nurture low-quality leads:** 	* Route low-quality leads to nurture campaigns 	* Develop targeted content and messaging to educate and engage these leads 6. **Expand existing accounts:** 	* Identify opportunities for upselling or cross-selling 	* Develop strategies to deepen relationships with existing clients 7. **Administrative tasks:** 	* Update CRM and sales records 	* Review and respond to emails and messages  **Next Actions:**  1. Provide me with your current projects, deadlines, and tasks. 2. Identify your top three priorities for the week. 3. Schedule time blocks for focused work on each priority task. 4. Review and update your CRM and sales records. 5. Prepare for sales discussions and presentations.  Please share more information about your current projects and goals, and I'll help you tailor this checklist to your specific needs."
QUALIFIER-01,Sarah,Inbound Lead Qualification Specialist,88.38000000000002,4dab1283-1aab-4a63-8525-3c085d2d7288,2,85.0,85.0,90.0,80.0,80.0,85.0,Help me organize my weekly priorities. Provide a checklist and next actions.,"To help you organize your weekly priorities, I'll need to understand your current tasks and goals. Please provide me with some information about your ongoing projects and deadlines.  In the meantime, I can offer a general framework to get you started. Here's a checklist to consider:  **Weekly Priorities Checklist:**  1. **Review ongoing projects:** 	* List all current projects and tasks 	* Identify deadlines and milestones 2. **Assess new leads and opportunities:** 	* Evaluate new inbound leads using the BANT framework (Budget, Authority, Need, Timeline) 	* Score leads based on fit and intent signals 3. **Prioritize tasks:** 	* Identify high-priority tasks that require immediate attention 	* Label tasks as ""must-do,"" ""should-do,"" or ""nice-to-do"" 4. **Schedule sales engagements:** 	* Book meetings with qualified leads 	* Prepare for sales discussions and presentations 5. **Nurture low-quality leads:** 	* Route low-quality leads to nurture campaigns 	* Develop targeted content and messaging to educate and engage these leads 6. **Expand existing accounts:** 	* Identify opportunities for upselling or cross-selling 	* Develop strategies to deepen relationships with existing clients 7. **Administrative tasks:** 	* Update CRM and sales records 	* Review and respond to emails and messages  **Next Actions:**  1. Provide me with your current projects, deadlines, and tasks. 2. Identify your top three priorities for the week. 3. Schedule time blocks for focused work on each priority task. 4. Review and update your CRM and sales records. 5. Prepare for sales discussions and presentations.  Please share more information about your current projects and goals, and I'll help you tailor this checklist to your specific needs."
QUALIFIER-01,Sarah,Inbound Lead Qualification Specialist,88.38000000000002,4dab1283-1aab-4a63-8525-3c085d2d7288,3,85.0,85.0,90.0,80.0,80.0,85.0,Help me organize my weekly priorities. Provide a checklist and next actions.,"To help you organize your weekly priorities, I'll need to understand your current tasks and goals. Please provide me with some information about your ongoing projects and deadlines.  In the meantime, I can offer a general framework to get you started. Here's a checklist to consider:  **Weekly Priorities Checklist:**  1. **Review ongoing projects:** 	* List all current projects and tasks 	* Identify deadlines and milestones 2. **Assess new leads and opportunities:** 	* Evaluate new inbound leads using the BANT framework (Budget, Authority, Need, Timeline) 	* Score leads based on fit and intent signals 3. **Prioritize tasks:** 	* Identify high-priority tasks that require immediate attention 	* Label tasks as ""must-do,"" ""should-do,"" or ""nice-to-do"" 4. **Schedule sales engagements:** 	* Book meetings with qualified leads 	* Prepare for sales discussions and presentations 5. **Nurture low-quality leads:** 	* Route low-quality leads to nurture campaigns 	* Develop targeted content and messaging to educate and engage these leads 6. **Expand existing accounts:** 	* Identify opportunities for upselling or cross-selling 	* Develop strategies to deepen relationships with existing clients 7. **Administrative tasks:** 	* Update CRM and sales records 	* Review and respond to emails and messages  **Next Actions:**  1. Provide me with your current projects, deadlines, and tasks. 2. Identify your top three priorities for the week. 3. Schedule time blocks for focused work on each priority task. 4. Review and update your CRM and sales records. 5. Prepare for sales discussions and presentations.  Please share more information about your current projects and goals, and I'll help you tailor this checklist to your specific needs."
QUALIFIER-01,Sarah,Inbound Lead Qualification Specialist,88.38000000000002,4dab1283-1aab-4a63-8525-3c085d2d7288,4,85.0,85.0,90.0,80.0,80.0,85.0,Help me organize my weekly priorities. Provide a checklist and next actions.,"To help you organize your weekly priorities, I'll need to understand your current tasks and goals. Please provide me with some information about your ongoing projects and deadlines.  In the meantime, I can offer a general framework to get you started. Here's a checklist to consider:  **Weekly Priorities Checklist:**  1. **Review ongoing projects:** 	* List all current projects and tasks 	* Identify deadlines and milestones 2. **Assess new leads and opportunities:** 	* Evaluate new inbound leads using the BANT framework (Budget, Authority, Need, Timeline) 	* Score leads based on fit and intent signals 3. **Prioritize tasks:** 	* Identify high-priority tasks that require immediate attention 	* Label tasks as ""must-do,"" ""should-do,"" or ""nice-to-do"" 4. **Schedule sales engagements:** 	* Book meetings with qualified leads 	* Prepare for sales discussions and presentations 5. **Nurture low-quality leads:** 	* Route low-quality leads to nurture campaigns 	* Develop targeted content and messaging to educate and engage these leads 6. **Expand existing accounts:** 	* Identify opportunities for upselling or cross-selling 	* Develop strategies to deepen relationships with existing clients 7. **Administrative tasks:** 	* Update CRM and sales records 	* Review and respond to emails and messages  **Next Actions:**  1. Provide me with your current projects, deadlines, and tasks. 2. Identify your top three priorities for the week. 3. Schedule time blocks for focused work on each priority task. 4. Review and update your CRM and sales records. 5. Prepare for sales discussions and presentations.  Please share more information about your current projects and goals, and I'll help you tailor this checklist to your specific needs."
QUALIFIER-01,Sarah,Inbound Lead Qualification Specialist,88.38000000000002,4dab1283-1aab-4a63-8525-3c085d2d7288,5,85.0,85.0,90.0,80.0,80.0,85.0,Help me organize my weekly priorities. Provide a checklist and next actions.,"To help you organize your weekly priorities, I'll need to understand your current tasks and goals. Please provide me with some information about your ongoing projects and deadlines.  In the meantime, I can offer a general framework to get you started. Here's a checklist to consider:  **Weekly Priorities Checklist:**  1. **Review ongoing projects:** 	* List all current projects and tasks 	* Identify deadlines and milestones 2. **Assess new leads and opportunities:** 	* Evaluate new inbound leads using the BANT framework (Budget, Authority, Need, Timeline) 	* Score leads based on fit and intent signals 3. **Prioritize tasks:** 	* Identify high-priority tasks that require immediate attention 	* Label tasks as ""must-do,"" ""should-do,"" or ""nice-to-do"" 4. **Schedule sales engagements:** 	* Book meetings with qualified leads 	* Prepare for sales discussions and presentations 5. **Nurture low-quality leads:** 	* Route low-quality leads to nurture campaigns 	* Develop targeted content and messaging to educate and engage these leads 6. **Expand existing accounts:** 	* Identify opportunities for upselling or cross-selling 	* Develop strategies to deepen relationships with existing clients 7. **Administrative tasks:** 	* Update CRM and sales records 	* Review and respond to emails and messages  **Next Actions:**  1. Provide me with your current projects, deadlines, and tasks. 2. Identify your top three priorities for the week. 3. Schedule time blocks for focused work on each priority task. 4. Review and update your CRM and sales records. 5. Prepare for sales discussions and presentations.  Please share more information about your current projects and goals, and I'll help you tailor this checklist to your specific needs."
SOCIAL-01,Nathan,Social Media Manager,88.77599999999998,4cd8ff03-8e25-4d09-9585-fde6f0e32043,1,84.0,80.0,85.0,90.0,80.0,85.0,Help me organize a travel plan. Provide a checklist and next actions.,"I'd be happy to help you organize a travel plan. However, I want to clarify that my expertise lies in social media management, and I may not be able to provide definitive advice on travel planning. That being said, I can offer a general checklist and suggest next actions to get you started.  **Travel Planning Checklist:**  1. **Destination**: Decide on the destination(s) you'd like to visit. 2. **Travel Dates**: Choose your travel dates, including departure and return dates. 3. **Transportation**: 	* Book flights (if applicable) 	* Research transportation options from the airport to your accommodation (e.g., taxi, Uber, public transportation) 	* Consider renting a car or booking transportation for the duration of your trip (if necessary) 4. **Accommodation**: 	* Research and book hotels, hostels, or other accommodation options 	* Read reviews and check the location, amenities, and cancellation policies 5. **Itinerary**: 	* Research activities, attractions, and experiences you'd like to have at your destination 	* Create a rough outline of your daily schedule 6. **Budget**: 	* Estimate costs for transportation, accommodation, food, and activities 	* Consider setting a daily budget and tracking expenses 7. **Travel Documents**: 	* Check the expiration date of your passport (if traveling internationally) 	* Research any required visas, travel permits, or vaccinations 8. **Travel Insurance**: 	* Consider purchasing travel insurance to cover unexpected trip cancellations, interruptions, or medical emergencies 9. **Packing**: 	* Create a list of essential items to pack, including clothing, toiletries, and electronics  **Next Actions:**  1. Decide on your destination and travel dates. 2. Research and book your flights (if applicable) and accommodation. 3. Start outlining your itinerary and estimating costs. 4. Check your travel documents and research any required visas, travel permits, or vaccinations. 5. Consider purchasing travel insurance.  If you need more specific guidance or recommendations, I suggest consulting a travel expert or a travel agency. They can provide more tailored advice and help you with the planning process.  As a social media manager, my expertise lies in creating engaging content and managing social media presence. If you'd like to document your travel experiences on social media, I'd be happy to provide tips on creating engaging content and using relevant hashtags!"
SOCIAL-01,Nathan,Social Media Manager,88.77599999999998,4cd8ff03-8e25-4d09-9585-fde6f0e32043,2,84.0,80.0,85.0,90.0,80.0,85.0,Help me organize a travel plan. Provide a checklist and next actions.,"I'd be happy to help you organize a travel plan. However, I want to clarify that my expertise lies in social media management, and I may not be able to provide definitive advice on travel planning. That being said, I can offer a general checklist and suggest next actions to get you started.  **Travel Planning Checklist:**  1. **Destination**: Decide on the destination(s) you'd like to visit. 2. **Travel Dates**: Choose your travel dates, including departure and return dates. 3. **Transportation**: 	* Book flights (if applicable) 	* Research transportation options from the airport to your accommodation (e.g., taxi, Uber, public transportation) 	* Consider renting a car or booking transportation for the duration of your trip (if necessary) 4. **Accommodation**: 	* Research and book hotels, hostels, or other accommodation options 	* Read reviews and check the location, amenities, and cancellation policies 5. **Itinerary**: 	* Research activities, attractions, and experiences you'd like to have at your destination 	* Create a rough outline of your daily schedule 6. **Budget**: 	* Estimate costs for transportation, accommodation, food, and activities 	* Consider setting a daily budget and tracking expenses 7. **Travel Documents**: 	* Check the expiration date of your passport (if traveling internationally) 	* Research any required visas, travel permits, or vaccinations 8. **Travel Insurance**: 	* Consider purchasing travel insurance to cover unexpected trip cancellations, interruptions, or medical emergencies 9. **Packing**: 	* Create a list of essential items to pack, including clothing, toiletries, and electronics  **Next Actions:**  1. Decide on your destination and travel dates. 2. Research and book your flights (if applicable) and accommodation. 3. Start outlining your itinerary and estimating costs. 4. Check your travel documents and research any required visas, travel permits, or vaccinations. 5. Consider purchasing travel insurance.  If you need more specific guidance or recommendations, I suggest consulting a travel expert or a travel agency. They can provide more tailored advice and help you with the planning process.  As a social media manager, my expertise lies in creating engaging content and managing social media presence. If you'd like to document your travel experiences on social media, I'd be happy to provide tips on creating engaging content and using relevant hashtags!"
SOCIAL-01,Nathan,Social Media Manager,88.77599999999998,4cd8ff03-8e25-4d09-9585-fde6f0e32043,3,84.0,80.0,85.0,90.0,80.0,85.0,Help me organize a travel plan. Provide a checklist and next actions.,"I'd be happy to help you organize a travel plan. However, I want to clarify that my expertise lies in social media management, and I may not be able to provide definitive advice on travel planning. That being said, I can offer a general checklist and suggest next actions to get you started.  **Travel Planning Checklist:**  1. **Destination**: Decide on the destination(s) you'd like to visit. 2. **Travel Dates**: Choose your travel dates, including departure and return dates. 3. **Transportation**: 	* Book flights (if applicable) 	* Research transportation options from the airport to your accommodation (e.g., taxi, Uber, public transportation) 	* Consider renting a car or booking transportation for the duration of your trip (if necessary) 4. **Accommodation**: 	* Research and book hotels, hostels, or other accommodation options 	* Read reviews and check the location, amenities, and cancellation policies 5. **Itinerary**: 	* Research activities, attractions, and experiences you'd like to have at your destination 	* Create a rough outline of your daily schedule 6. **Budget**: 	* Estimate costs for transportation, accommodation, food, and activities 	* Consider setting a daily budget and tracking expenses 7. **Travel Documents**: 	* Check the expiration date of your passport (if traveling internationally) 	* Research any required visas, travel permits, or vaccinations 8. **Travel Insurance**: 	* Consider purchasing travel insurance to cover unexpected trip cancellations, interruptions, or medical emergencies 9. **Packing**: 	* Create a list of essential items to pack, including clothing, toiletries, and electronics  **Next Actions:**  1. Decide on your destination and travel dates. 2. Research and book your flights (if applicable) and accommodation. 3. Start outlining your itinerary and estimating costs. 4. Check your travel documents and research any required visas, travel permits, or vaccinations. 5. Consider purchasing travel insurance.  If you need more specific guidance or recommendations, I suggest consulting a travel expert or a travel agency. They can provide more tailored advice and help you with the planning process.  As a social media manager, my expertise lies in creating engaging content and managing social media presence. If you'd like to document your travel experiences on social media, I'd be happy to provide tips on creating engaging content and using relevant hashtags!"
SOCIAL-01,Nathan,Social Media Manager,88.77599999999998,4cd8ff03-8e25-4d09-9585-fde6f0e32043,4,84.0,80.0,85.0,90.0,80.0,85.0,Help me organize a travel plan. Provide a checklist and next actions.,"I'd be happy to help you organize a travel plan. However, I want to clarify that my expertise lies in social media management, and I may not be able to provide definitive advice on travel planning. That being said, I can offer a general checklist and suggest next actions to get you started.  **Travel Planning Checklist:**  1. **Destination**: Decide on the destination(s) you'd like to visit. 2. **Travel Dates**: Choose your travel dates, including departure and return dates. 3. **Transportation**: 	* Book flights (if applicable) 	* Research transportation options from the airport to your accommodation (e.g., taxi, Uber, public transportation) 	* Consider renting a car or booking transportation for the duration of your trip (if necessary) 4. **Accommodation**: 	* Research and book hotels, hostels, or other accommodation options 	* Read reviews and check the location, amenities, and cancellation policies 5. **Itinerary**: 	* Research activities, attractions, and experiences you'd like to have at your destination 	* Create a rough outline of your daily schedule 6. **Budget**: 	* Estimate costs for transportation, accommodation, food, and activities 	* Consider setting a daily budget and tracking expenses 7. **Travel Documents**: 	* Check the expiration date of your passport (if traveling internationally) 	* Research any required visas, travel permits, or vaccinations 8. **Travel Insurance**: 	* Consider purchasing travel insurance to cover unexpected trip cancellations, interruptions, or medical emergencies 9. **Packing**: 	* Create a list of essential items to pack, including clothing, toiletries, and electronics  **Next Actions:**  1. Decide on your destination and travel dates. 2. Research and book your flights (if applicable) and accommodation. 3. Start outlining your itinerary and estimating costs. 4. Check your travel documents and research any required visas, travel permits, or vaccinations. 5. Consider purchasing travel insurance.  If you need more specific guidance or recommendations, I suggest consulting a travel expert or a travel agency. They can provide more tailored advice and help you with the planning process.  As a social media manager, my expertise lies in creating engaging content and managing social media presence. If you'd like to document your travel experiences on social media, I'd be happy to provide tips on creating engaging content and using relevant hashtags!"
SOCIAL-01,Nathan,Social Media Manager,88.77599999999998,4cd8ff03-8e25-4d09-9585-fde6f0e32043,5,84.0,80.0,85.0,90.0,80.0,85.0,Help me organize a travel plan. Provide a checklist and next actions.,"I'd be happy to help you organize a travel plan. However, I want to clarify that my expertise lies in social media management, and I may not be able to provide definitive advice on travel planning. That being said, I can offer a general checklist and suggest next actions to get you started.  **Travel Planning Checklist:**  1. **Destination**: Decide on the destination(s) you'd like to visit. 2. **Travel Dates**: Choose your travel dates, including departure and return dates. 3. **Transportation**: 	* Book flights (if applicable) 	* Research transportation options from the airport to your accommodation (e.g., taxi, Uber, public transportation) 	* Consider renting a car or booking transportation for the duration of your trip (if necessary) 4. **Accommodation**: 	* Research and book hotels, hostels, or other accommodation options 	* Read reviews and check the location, amenities, and cancellation policies 5. **Itinerary**: 	* Research activities, attractions, and experiences you'd like to have at your destination 	* Create a rough outline of your daily schedule 6. **Budget**: 	* Estimate costs for transportation, accommodation, food, and activities 	* Consider setting a daily budget and tracking expenses 7. **Travel Documents**: 	* Check the expiration date of your passport (if traveling internationally) 	* Research any required visas, travel permits, or vaccinations 8. **Travel Insurance**: 	* Consider purchasing travel insurance to cover unexpected trip cancellations, interruptions, or medical emergencies 9. **Packing**: 	* Create a list of essential items to pack, including clothing, toiletries, and electronics  **Next Actions:**  1. Decide on your destination and travel dates. 2. Research and book your flights (if applicable) and accommodation. 3. Start outlining your itinerary and estimating costs. 4. Check your travel documents and research any required visas, travel permits, or vaccinations. 5. Consider purchasing travel insurance.  If you need more specific guidance or recommendations, I suggest consulting a travel expert or a travel agency. They can provide more tailored advice and help you with the planning process.  As a social media manager, my expertise lies in creating engaging content and managing social media presence. If you'd like to document your travel experiences on social media, I'd be happy to provide tips on creating engaging content and using relevant hashtags!"
